ticker,event_date,overall_sentiment,sentiment_volatility,positive_ratio,negative_ratio,neutral_ratio,prepared_sentiment,prepared_volatility,qa_sentiment,qa_volatility,ceo_sentiment,ceo_sentence_count,cfo_sentiment,cfo_sentence_count,analyst_sentiment,analyst_sentence_count,total_sentences,source_file,tone_shift,close_event,close_48h,pct_change_48h,direction,post_date_48h
AAPL,2023-02-02,0.1068,0.1312,0.3674,0.2732,0.2702,0.3193,0.0829,0.244,0.1564,0.1458,41,0.0893,47,0.2373,54,339,AAPL_2023-02-02.txt,-0.0753,148.303,149.1978,0.6034,1,2023-02-06
AAPL,2023-05-04,0.0034,0.2966,0.49,0.272,0.2861,0.2836,0.0819,0.1434,0.1232,0.1899,57,0.1626,54,0.1087,75,199,AAPL_2023-05-04.txt,-0.1402,163.272,170.8649,4.6504,1,2023-05-08
AAPL,2023-08-03,-0.2383,0.2093,0.4055,0.2939,0.305,-0.459,0.2053,-0.236,0.1743,-0.4044,55,-0.3858,48,-0.1119,40,238,AAPL_2023-08-03.txt,0.223,188.527,176.3773,-6.4445,0,2023-08-07
AAPL,2023-11-02,0.3122,0.1011,0.5946,0.2414,0.2958,0.3513,0.0904,0.0227,0.1327,0.2145,53,0.1478,54,0.1444,76,324,AAPL_2023-11-02.txt,-0.3286,175.3515,176.9907,0.9348,1,2023-11-06
MSFT,2023-01-24,0.282,0.2542,0.4981,0.2045,0.2355,0.1497,0.0951,-0.057,0.2217,0.4025,52,0.1383,32,0.0379,98,392,MSFT_2023-01-24.txt,-0.2067,235.3402,241.1352,2.4624,1,2023-01-26
MSFT,2023-04-25,0.1441,0.2607,0.406,0.2785,0.2579,0.3515,0.2055,0.0873,0.2054,0.3034,70,0.1317,52,-0.0547,83,301,MSFT_2023-04-25.txt,-0.2642,268.467,297.1345,10.6782,1,2023-04-27
MSFT,2023-07-25,-0.3221,0.2406,0.4591,0.2944,0.3425,-0.2415,0.1496,-0.0946,0.1303,-0.026,62,-0.2007,45,-0.0591,71,396,MSFT_2023-07-25.txt,0.1469,342.8673,323.0757,-5.7724,0,2023-07-27
MSFT,2023-10-24,-0.2904,0.2456,0.4603,0.2265,0.2767,-0.2205,0.0926,-0.2966,0.1282,-0.2774,65,-0.1222,51,-0.0235,80,310,MSFT_2023-10-24.txt,-0.0761,323.5736,320.9892,-0.7987,0,2023-10-26
